Workbook

Sheet Units
B2: Units used in this model | F2: Derived Units and Unit Multiples
B4: Currency | C4: Euro
B5: Currency unit | C5: Millions of Euros | D5: MEUR | F5: 1 | G5: MEUR/PJ | H5: = | I5: 1 | J5: kEUR/TJ | K5: = | L5: 1 | M5: EUR/GJ
F6: 1 | G6: MEUR/GW | H6: = | I6: 1 | J6: kEUR/MW | K6: = | L6: 1 | M6: EUR/kW
B8: Energy | C8: Jouls
B9: Energy Unit | C9: PJ | F9: 1 | G9: PJ | H9: = | I9: 1000 | J9: TJ | K9: = | L9: 1000000 | M9: GJ
B11: Power | C11: Watts
B12: Power Unit | C12: GW | F12: 1 | G12: GW | H12: = | I12: 1000 | J12: MW | K12: = | L12: 1000000 | M12: kW
B14: CO2 Emission | C14: kg | F14: 1000 | G14: kg | H14: = | I14: 1 | J14: t (tonne)
B15: CO2 Emission Unit | C15: kt | F15: 1 | G15: kt/PJ | H15: = | I15: 1 | J15: t/TJ | K15: = | L15: 1 | M15: kg/GJ
B17: The production/consumption of energy carriers and emission quantities always refer to one year (per annum, eg. PJ/a).

Sheet Introduction
B2: ELAND 01

Sheet RES View

Sheet FI_Comm
C2: Define Commodities
C5: ~FI_Comm
C6: CSets | D6: Region | E6: CommName | F6: CommDesc | G6: Unit | H6: LimType | I6: CTSLvl | J6: PeakTS | K6: Ctype
C7: \I: Commodity Set | D7: Region Name | E7: Commodity Name | F7: Commodity Description | G7: Unit | H7: Sense of Balance Equation | I7: TimeSlice Level | J7: Peak Monitoring | K7: Electricity Indicator
C8: NRG | E8: FUEL_OIL | F8: Fuel Oil | G8: PJ | I8: SEASON
C9: NRG | E9: NAT_GAS | F9: Natural Gas | G9: PJ | I9: SEASON
C10: NRG | E10: WIND_ON | F10: Wind Onshore | G10: PJ | I10: SEASON
C11: NRG | E11: ELC_HV | F11: High Voltage Electricity | G11: PJ | I11: DAYNITE | K11: ELC
C12: NRG | E12: ELC_LV | F12: Low Voltage | G12: PJ | I12: DAYNITE
C13: DEM | E13: ELC_FIN | F13: Final demand | G13: PJ | I13: DAYNITE
C14: STG | E14: ELC_MV | F14: Electricity medium voltage | G14: PJ | I14: DAYNITE
C18: Available CSets
C19: CSet | D19: Description
C20: NRG | D20: Energy Carrier
C21: ENV | D21: Environmental
C22: DEM | D22: Demand Commodity
C23: MAT | D23: Material
C24: FIN | D24: Financial

Sheet FI_Process
C2: Define Processes
C5: ~FI_Process
C6: Sets | D6: Region | E6: TechName | F6: TechDesc | G6: Tact | H6: Tcap | I6: Tslvl | J6: PrimaryCG | K6: Vintage
C7: \I: Process Set | D7: Region Name | E7: Technology Name | F7: Technology Description | G7: Activity Unit | H7: Capacity Unit | I7: TimeSlice Level | J7: Primary Commodity Group | K7: Vintage Tracking
C8: \I: Fuel supply
C9: IMP | E9: IMP_OIL | F9: Import of Fuel Oil | G9: PJ | H9: PJ/a | I9: SEASON
C10: MIN | E10: MIN_NAT_GAS | F10: Supply Natural Gas | G10: PJ | H10: PJ/a | I10: SEASON
C11: MIN | E11: MIN_WIND_ON | F11: Supply Wind Onshore | G11: PJ | H11: PJ/a | I11: SEASON
C12: \I: Power Plants
C13: ELE | E13: EX_PP_OIL | F13: Power Plant - Fuel Oil | G13: PJ | H13: GW | I13: DAYNITE
C14: ELE | E14: EX_PP_NAT_GAS | F14: Power Plant - Natural Gas | G14: PJ | H14: GW | I14: DAYNITE
C15: ELE | E15: EX_PP_WIND | F15: Power Plant - Wind Tuebine | G15: PJ | H15: GW | I15: DAYNITE
C16: \I:
C17: PRE | E17: EX_ELC_GRID | F17: Existing Grid | G17: PJ | H17: GW | I17: DAYNITE
C18: \I: | D18: Demand process
C19: DMD | E19: DMD_FIN_ELC | F19: Final electricity demand | G19: PJ | H19: PJ/a | I19: DAYNITE
C20: \I: | D20: Storage
C21: STG | D21: PL | E21: STG_DN_1P | F21: Storage Tech | G21: PJ | H21: PJ/a | I21: DAYNITE
C25: Available Sets
C26: Set | D26: Description
C27: ELE | D27: Electric Power Plant
C28: MIN | D28: Mining Process
C29: IMP | D29: Import
C30: DMD | D30: Demand Device
C31: PRE | D31: Genric Process/Technology
C32: STG | D32: Storage
C33: EXP | D33: Export
C34: CHP | D34: Combined Heat and Power
C35: HPL | D35: Heating Plant

Sheet Supply
C2: Supply
C5: ~FI_T
C6: TechName | D6: \I: TechDesc | E6: Comm-OUT | F6: ACT_BND | G6: COST
C7: \I: Technology Name | D7: Technology Description | E7: Commodity Output | F7: Annual activity bound (upper by default) | G7: Extraction cost
C8: \I: Units | F8: PJ/a | G8: EUR/GJ
C9: =FI_Process!E9 -> IMP_OIL | D9: =FI_Process!F9 -> Import of Fuel Oil | E9: =FI_Comm!E8 -> FUEL_OIL | G9: 30
C10: =FI_Process!E10 -> MIN_NAT_GAS | D10: =FI_Process!F10 -> Supply Natural Gas | E10: =FI_Comm!E9 -> NAT_GAS | G10: 20
C11: =FI_Process!E11 -> MIN_WIND_ON | D11: =FI_Process!F11 -> Supply Wind Onshore | E11: =FI_Comm!E10 -> WIND_ON | G11: 0.001

Sheet Power Plants
C2: Power Plants
C5: ~FI_T
C6: TechName | D6: \I: TechDesc | E6: Comm-IN | F6: Comm-OUT | G6: STOCK | H6: CAP2ACT | I6: EFF | J6: AFA | K6: VAROM | L6: FIXOM | O6: Back of the envelope calculations
C7: \I: Technology Name | D7: Technology Description | E7: Input Commodity | F7: Commodity Output | G7: Installed Capacity | H7: Capacity to Activity Unit Conversion | I7: Process Efficiency | J7: Annual Availability Factor | K7: Variable Costs | L7: Fixed Costs | O7: Maximum electricity production | P7: Maximum fuel consumption
C8: \I: Units | G8: GW | H8: PJ/y/GW | I8: %/100 | J8: %/100 | K8: EUR/GJ | L8: EUR/kW | O8: PJ/y | P8: PJ/y
C9: =FI_Process!E13 -> EX_PP_OIL | D9: =FI_Process!F13 -> Power Plant - Fuel Oil | E9: =FI_Comm!E8 -> FUEL_OIL | F9: =FI_Comm!E11 -> ELC_HV | G9: 4 | H9: 31.536 | I9: 0.4 | J9: 0.8 | K9: 1 | L9: 1 | O9: =G9*H9*J9 -> 100.9152 | P9: =O9/I9 -> 252.288
C10: =FI_Process!E14 -> EX_PP_NAT_GAS | D10: =FI_Process!F14 -> Power Plant - Natural Gas | E10: =FI_Comm!E9 -> NAT_GAS | F10: =FI_Comm!E11 -> ELC_HV | G10: 2 | H10: 31.536 | I10: 0.6 | J10: 0.5 | K10: 1 | L10: 1 | O10: =G10*H10*J10 -> 31.536 | P10: =O10/I10 -> 52.56
C11: =FI_Process!E15 -> EX_PP_WIND | D11: =FI_Process!F15 -> Power Plant - Wind Tuebine | E11: =FI_Comm!E10 -> WIND_ON | F11: =FI_Comm!E11 -> ELC_HV | G11: 1 | H11: 31.536 | I11: 1 | J11: 0.33 | L11: 1
C12: STG_DN_1P | D12: Storage Tech | E12: ELC_MV | F12: ELC_MV | G12: 3 | H12: 1 | I12: 0.8 | J12: 1 | K12: 3 | L12: 3
O13: =SUM(O9:O10) -> 132.4512
C18: Why CAP2ACT = 31.536?
C19: 1 GW of power operating year-round would produce
C21: of energy.
C22: Thus, 8760 GWh of energy can be produced in 1 year from 1 GW
C23: which, after conversion, gives

Sheet GRID
B2: ~FI_T
B3: TechName | C3: \I: TechDesc | D3: Comm-IN | E3: Comm-OUT | F3: STOCK | G3: CAP2ACT | H3: EFF | I3: AFA | J3: VAROM | K3: FIXOM
B4: \I: Technology Name | C4: Technology Description | D4: Input Commodity | E4: Commodity Output | F4: Installed Capacity | G4: Capacity to Activity Unit Conversion | H4: Process Efficiency | I4: Annual Availability Factor | J4: Variable Costs | K4: Fixed Costs
B5: \I: Units | F5: GW | G5: PJ/y/GW | H5: %/100 | I5: %/100 | J5: EUR/GJ | K5: EUR/kW
B6: =FI_Process!E17 -> EX_ELC_GRID | C6: =FI_Process!F17 -> Existing Grid | D6: =FI_Comm!E11 -> ELC_HV | E6: =FI_Comm!E12 -> ELC_LV | G6: 1 | H6: 0.88

Sheet Demand
C2: Demand
C5: ~FI_T
C6: CommName | D6: Attribute | E6: TimeSlice | F6: 2025
C7: \I: Demand Commodity Name | D7: Attribute | F7: Demand Value
C8: \I: Units | F8: PJ/y
C9: =FI_Comm!E$13 -> ELC_FIN | D9: COM_PROJ | F9: =100/GRID!H6 -> 113.63636
C10: =FI_Comm!E$13 -> ELC_FIN | D10: COM_FR | E10: S1W1D1 | F10: 0 | H10: =$F$9*F10 -> 0
C11: =FI_Comm!E$13 -> ELC_FIN | D11: COM_FR | E11: S1W1D2 | F11: 0.05 | H11: =$F$9*F11 -> 5.6818182
C12: =FI_Comm!E$13 -> ELC_FIN | D12: COM_FR | E12: S1W2D1 | F12: 0.1 | H12: =$F$9*F12 -> 11.363636
C13: =FI_Comm!E$13 -> ELC_FIN | D13: COM_FR | E13: S1W2D2 | F13: 0.15 | H13: =$F$9*F13 -> 17.045455
C14: =FI_Comm!E$13 -> ELC_FIN | D14: COM_FR | E14: S2W1D1 | F14: 0.2 | H14: =$F$9*F14 -> 22.727273
C15: =FI_Comm!E$13 -> ELC_FIN | D15: COM_FR | E15: S2W1D2 | F15: 0.15 | H15: =$F$9*F15 -> 17.045455
C16: =FI_Comm!E$13 -> ELC_FIN | D16: COM_FR | E16: S2W2D1 | F16: 0.2 | H16: =$F$9*F16 -> 22.727273
C17: =FI_Comm!E$13 -> ELC_FIN | D17: COM_FR | E17: S2W2D2 | F17: 0.15 | H17: =$F$9*F17 -> 17.045455 | I17: =SUM(F10:F17) -> 1
F21: ~FI_T
C22: TechName | D22: \I: TechDesc | E22: Comm-IN | F22: Comm-OUT | G22: STOCK | H22: CAP2ACT | I22: EFF | J22: AFA | K22: VAROM | L22: FIXOM
C23: \I: Technology Name | D23: Technology Description | E23: Input Commodity | F23: Commodity Output | G23: Installed Capacity | H23: Capacity to Activity Unit Conversion | I23: Process Efficiency | J23: Annual Availability Factor | K23: Variable Costs | L23: Fixed Costs
C24: \I: Units | G24: GW | H24: PJ/y/GW | I24: %/100 | J24: %/100 | K24: EUR/GJ | L24: EUR/kW
C25: =FI_Process!E19 -> DMD_FIN_ELC | D25: =FI_Process!F19 -> Final electricity demand | E25: =FI_Comm!E12 -> ELC_LV | F25: =FI_Comm!E13 -> ELC_FIN | H25: 1 | I25: 1
